Sigle,Goupe_Bancaire,ANNEE,EMPLOI,BILAN,RESSOURCES,FONDS.PROPRE,EFFECTIF,AGENCE,COMPTE,INTERETS.ET.PRODUITS.ASSIMILES,NTERETS.ET.CHARGES.ASSIMILEES,REVENUS.DES.TITRES.A.REVENU.VARIABLE,COMMISSIONS.(PRODUITS),COMMISSIONS.(CHARGES),GAINS.OU.PERTES.NETS.SUR.OPERATIONS.DES.PORTEFEUILLES.DE.NEGOCIATION,GAINS.OU.PERTES.NETS.SUR.OPERATIONS.DES.PORTEFEUILLES.DE.PLACEMENT.ET.ASSIMILES,AUTRES.PRODUITS.D'EXPLOITATION.BANCAIRE,AUTRES.CHARGES.D'EXPLOITATION.BANCAIRE,PRODUIT.NET.BANCAIRE,SUBVENTIONS.D'INVESTISSEMENT,CHARGES.GENERALES.D'EXPLOITATION,DOTATIONS.AUX.AMORTISSEMENTS.ET.AUX.DEPRECIATIONS.DES.IMMOBILISATIONS.INCORPORELLES.ET.CORPORELLES,RESULTAT.BRUT.D'EXPLOITATION,COÛT.DU.RISQUE,RESULTAT.D'EXPLOITATION,GAINS.OU.PERTES.NETS.SUR.ACTIFS.IMMOBILISES,RESULTAT.AVANT.IMPÔT,IMPÔTS.SUR.LES.BENEFICES,RESULTAT.NET,source,CAISSE.BANQUE.CENTRALE.CCP,EFFETS.PUBLICS.ET.VALEURS.ASSIMILÉES,CRÉANCES.INTERBANCAIRES.ET.ASSIMILÉES,CRÉANCES.SUR.LA.CLIENTÈLE,OBLIGATIONS.ET.AUTRES.TITRES.À.REVENU.FIXE,ACTIONS.ET.AUTRES.TITRES.À.REVENU.VARIABLE,ACTIONNAIRES.OU.ASSOCIÉS,AUTRES.ACTIFS,COMPTES.DE.RÉGULARISATION,PARTICIPATIONS.ET.AUTRES.TITRES.DÉTENUS.À.LONG.TERME,PARTS.DANS.LES.ENTREPRISES.LIÉES,PRÊTS.SUBORDONNÉS,IMMOBILISATIONS.INCORPORELLES,IMMOBILISATIONS.CORPORELLES,BANQUE.CENTRALE.CCP,DETTES.INTERBANCAIRES.ET.ASSIMILÉES,DETTES.À.L.ÉGARD.DE.LA.CLIENTÈLE,DETTES.REPRÉSENTÉES.PAR.UN.TITRE,AUTRES.PASSIFS,PROVISIONS,EMPRUNTS.ET.TITRES.ÉMIS.SUBORDONNES,CAPITAUX.PROPRES.ET.RESSOURCES.ASSIMILÉES,CAPITAL.SOUSCRIT,PRIMES.LIÉES.AU.CAPITAL,RÉSERVES,ÉCARTS.DE.RÉÉVALUATION,PROVISIONS.RÉGLEMENTÉES,REPORT.À.NOUVEAU,RÉSULTAT.DE.LEXERCICE
BAS,Groupes Continentaux,2015,166775.0,297374.0,162739.0,10437.0,206.0,19.0,47494.0,,,,,,,,,,,,,,,,,,,,,excel_2015_2020,,,,,,,,,,,,,,,,,,,,,,,,,,,,,
BAS,Groupes Continentaux,2016,173612.0,318603.0,153838.0,4513.0,210.0,19.0,60651.0,,,,,,,,,,,,,,,,,,,,,excel_2015_2020,,,,,,,,,,,,,,,,,,,,,,,,,,,,,
BAS,Groupes Continentaux,2017,189376.0,341998.0,194008.0,10743.0,213.0,18.0,71197.0,12522.0,9823.0,0.0,4650.0,392.0,1412.0,4601.0,2068.0,1120.0,13918.0,0.0,8737.0,1079.0,4102.0,2369.0,1733.0,34.0,1767.0,5.0,1762.0,excel_2015_2020,,,,,,,,,,,,,,,,,,,,,,,,,,,,,
BAS,Groupes Continentaux,2018,224452.0,325682.0,159065.0,26261.0,228.0,10.0,58765.0,18825.0,8421.0,0.0,5484.0,1499.0,956.0,-92.0,373.0,0.0,15626.0,0.0,10897.0,814.0,3915.0,2377.0,1538.0,2.0,1540.0,5.0,1535.0,excel_2015_2020,,,,,,,,,,,,,,,,,,,,,,,,,,,,,
BAS,Groupes Continentaux,2019,247812.0,372383.0,189126.0,30994.0,236.0,21.0,73209.0,19823.0,8783.0,0.0,7165.0,1816.0,836.0,0.0,179.0,0.0,17404.0,0.0,11665.0,805.0,4934.0,199.0,4735.0,3.0,4738.0,5.0,4733.0,excel_2015_2020,,,,,,,,,,,,,,,,,,,,,,,,,,,,,
BAS,Groupes Continentaux,2020,276934.0,408458.0,204057.0,,236.0,21.0,99415.0,,,,,,,,,,,,,,,,,,,,,excel_2015_2020,,,,,,,,,,,,,,,,,,,,,,,,,,,,,
BCIM,Groupes Règionaux,2015,515.0,5869.0,3551.0,1891.0,25.0,1.0,248.0,,,,,,,,,,,,,,,,,,,,,excel_2015_2020,,,,,,,,,,,,,,,,,,,,,,,,,,,,,
BCIM,Groupes Règionaux,2016,707.0,179912.0,104255.0,100571.0,23.0,1.0,320.0,,,,,,,,,,,,,,,,,,,,,excel_2015_2020,,,,,,,,,,,,,,,,,,,,,,,,,,,,,
BCIM,Groupes Règionaux,2017,14325.0,35673.0,22239.0,5629.0,25.0,2.0,417.0,2215.0,995.0,,998.0,172.0,,,9.0,,2055.0,,1066.0,352.0,637.0,-75.0,712.0,,712.0,,712.0,excel_2015_2020,,,,,,,,,,,,,,,,,,,,,,,,,,,,,
BCIM,Groupes Règionaux,2018,13616.0,32353.0,17443.0,5731.0,26.0,2.0,463.0,2046.0,814.0,,575.0,63.0,,,8.0,,1752.0,,1250.0,338.0,164.0,-27.0,191.0,,191.0,,191.0,excel_2015_2020,,,,,,,,,,,,,,,,,,,,,,,,,,,,,
BCIM,Groupes Règionaux,2019,9911.0,25730.0,18088.0,5502.0,25.0,2.0,542.0,2021.0,764.0,,493.0,71.0,,,14.0,61.0,1632.0,,1186.0,368.0,78.0,116.0,-38.0,,-38.0,,-38.0,excel_2015_2020,,,,,,,,,,,,,,,,,,,,,,,,,,,,,
BCIM,Groupes Règionaux,2020,20653.0,47032.0,40710.0,,27.0,2.0,658.0,,,,,,,,,,,,,,,,,,,,,excel_2015_2020,,,,,,,,,,,,,,,,,,,,,,,,,,,,,
BDK,Groupes Règionaux,2015,865.0,51483.0,24257.0,13085.0,27.0,1.0,293.0,,,,,,,,,,,,,,,,,,,,,excel_2015_2020,,,,,,,,,,,,,,,,,,,,,,,,,,,,,
BDK,Groupes Règionaux,2016,4204.0,106763.0,51785.0,17648.0,43.0,1.0,424.0,,,,,,,,,,,,,,,,,,,,,excel_2015_2020,,,,,,,,,,,,,,,,,,,,,,,,,,,,,
BDK,Groupes Règionaux,2017,82551.0,164536.0,99922.0,18094.0,52.0,1.0,1197.0,4937.0,1875.0,,4412.0,170.0,751.0,501.0,6.0,23.0,8539.0,,5064.0,1632.0,1843.0,28.0,1815.0,28.0,1843.0,5.0,1838.0,excel_2015_2020,,,,,,,,,,,,,,,,,,,,,,,,,,,,,
BDK,Groupes Règionaux,2018,111325.0,179468.0,96326.0,20903.0,66.0,3.0,1666.0,10327.0,4019.0,,3054.0,151.0,454.0,207.0,5.0,14.0,9863.0,,6673.0,348.0,2842.0,34.0,2808.0,6.0,2814.0,5.0,2809.0,excel_2015_2020,,,,,,,,,,,,,,,,,,,,,,,,,,,,,
BDK,Groupes Règionaux,2019,99558.0,170663.0,98657.0,23242.0,115.0,7.0,5412.0,12840.0,5447.0,,2793.0,156.0,5.0,285.0,3.0,42.0,10281.0,,6809.0,466.0,3006.0,673.0,2333.0,11.0,2344.0,5.0,2339.0,excel_2015_2020,,,,,,,,,,,,,,,,,,,,,,,,,,,,,
BDK,Groupes Règionaux,2020,126336.0,208146.0,111097.0,,133.0,7.0,3367.0,,,,,,,,,,,,,,,,,,,,,excel_2015_2020,,,,,,,,,,,,,,,,,,,,,,,,,,,,,
BDK,Groupes Règionaux,2021,171288.0,,,27531.0,,,,15905.0,7347.0,0.0,4098.0,280.0,-80.0,752.0,283.0,63.0,13268.0,0.0,8572.0,1014.0,3682.0,7434.0,2.0,745.0,5.0,740.0,,bceao_pdf_2021,8541.0,88771.0,21471.0,171288.0,0.0,0.0,0.0,6056.0,1660.0,865.0,0.0,0.0,1163.0,3139.0,0.0,93503.0,174606.0,0.0,4264.0,13.0,0.0,27531.0,22000.0,0.0,269.0,0.0,0.0,1522.0,3740.0
BDK,Groupes Règionaux,2022,209097.0,,,32601.0,,,,20075.0,9114.0,0.0,5182.0,576.0,-21.0,632.0,346.0,164.0,16360.0,0.0,9315.0,1262.0,5783.0,937.0,138.0,5075.0,5.0,5070.0,,bceao_pdf_2022,27914.0,87982.0,15487.0,209097.0,0.0,0.0,0.0,8894.0,2018.0,2261.0,0.0,0.0,840.0,3065.0,0.0,82679.0,232315.0,0.0,5754.0,325.0,0.0,32601.0,22000.0,0.0,830.0,0.0,0.0,4701.0,5070.0
BGFI,Groupes Règionaux,2015,3278.0,13894.0,457.0,9098.0,37.0,1.0,113.0,,,,,,,,,,,,,,,,,,,,,excel_2015_2020,,,,,,,,,,,,,,,,,,,,,,,,,,,,,
BGFI,Groupes Règionaux,2016,12115.0,24477.0,511.0,9228.0,41.0,1.0,247.0,,,,,,,,,,,,,,,,,,,,,excel_2015_2020,,,,,,,,,,,,,,,,,,,,,,,,,,,,,
BGFI,Groupes Règionaux,2017,34579.0,57421.0,19947.0,8854.0,44.0,1.0,446.0,2169.0,993.0,,845.0,63.0,-28.0,0.0,,,1930.0,,3325.0,416.0,-1811.0,95.0,-1906.0,,-1906.0,5.0,-1911.0,excel_2015_2020,,,,,,,,,,,,,,,,,,,,,,,,,,,,,
BGFI,Groupes Règionaux,2018,67329.0,100164.0,66261.0,9662.0,53.0,1.0,475.0,4279.0,2571.0,,2771.0,91.0,0.0,0.0,210.0,2.0,4596.0,,4231.0,351.0,14.0,2200.0,-2186.0,,-2186.0,5.0,-2191.0,excel_2015_2020,,,,,,,,,,,,,,,,,,,,,,,,,,,,,
BGFI,Groupes Règionaux,2019,53944.0,87985.0,59855.0,3530.0,63.0,2.0,1534.0,4834.0,3689.0,,1513.0,256.0,33.0,,89.0,3.0,2521.0,,4415.0,503.0,-2397.0,3731.0,-6128.0,,-6128.0,5.0,-6133.0,excel_2015_2020,,,,,,,,,,,,,,,,,,,,,,,,,,,,,
BGFI,Groupes Règionaux,2020,73108.0,139696.0,57508.0,,62.0,2.0,1778.0,,,,,,,,,,,,,,,,,,,,,excel_2015_2020,,,,,,,,,,,,,,,,,,,,,,,,,,,,,
BHS,Groupes Locaux,2015,218840.0,278322.0,215423.0,30821.0,21.0,13.0,139533.0,,,,,,,,,,,,,,,,,,,,,excel_2015_2020,,,,,,,,,,,,,,,,,,,,,,,,,,,,,
BHS,Groupes Locaux,2016,260162.0,318410.0,219166.0,36614.0,231.0,15.0,166654.0,,,,,,,,,,,,,,,,,,,,,excel_2015_2020,,,,,,,,,,,,,,,,,,,,,,,,,,,,,
BHS,Groupes Locaux,2018,305960.0,376718.0,256296.0,,265.0,19.0,199872.0,,,,,,,,,,,,,,,,,,,,,excel_2015_2020,,,,,,,,,,,,,,,,,,,,,,,,,,,,,
BHS,Groupes Locaux,2019,338146.0,427050.0,272043.0,,289.0,22.0,227631.0,,,,,,,,,,,,,,,,,,,,,excel_2015_2020,,,,,,,,,,,,,,,,,,,,,,,,,,,,,
BHS,Groupes Locaux,2020,357725.0,471204.0,336205.0,,282.0,25.0,220345.0,,,,,,,,,,,,,,,,,,,,,excel_2015_2020,,,,,,,,,,,,,,,,,,,,,,,,,,,,,
BHS,Groupes Locaux,2021,376905.0,,,50088.0,,,,29593.0,12575.0,0.0,5430.0,1259.0,283.0,0.0,161.0,14.0,21619.0,0.0,14241.0,2202.0,5176.0,1392.0,3784.0,193.0,3977.0,628.0,3349.0,bceao_pdf_2021,26684.0,61679.0,26561.0,376905.0,1673.0,0.0,0.0,21235.0,886.0,539.0,16.0,1338.0,1098.0,14203.0,0.0,99218.0,352184.0,20599.0,7706.0,1601.0,0.0,50088.0,10500.0,0.0,36225.0,0.0,0.0,14.0,3349.0
BHS,Groupes Locaux,2022,419539.0,,,52686.0,,,,34208.0,11406.0,0.0,6362.0,1370.0,-479.0,0.0,310.0,44.0,27581.0,0.0,15552.0,2333.0,9696.0,5051.0,4645.0,406.0,5051.0,615.0,4436.0,bceao_pdf_2022,26318.0,75266.0,15672.0,419539.0,1120.0,0.0,0.0,8579.0,1003.0,539.0,16.0,1452.0,639.0,14134.0,0.0,84118.0,404621.0,13733.0,6007.0,1538.0,0.0,52686.0,10500.0,0.0,37727.0,0.0,0.0,23.0,4436.0
BICIS,Groupes Internationaux,2015,224354.0,430615.0,343456.0,30941.0,440.0,32.0,126173.0,,,,,,,,,,,,,,,,,,,,,excel_2015_2020,,,,,,,,,,,,,,,,,,,,,,,,,,,,,
BICIS,Groupes Internationaux,2016,279625.0,437494.0,349607.0,31523.0,451.0,32.0,131002.0,,,,,,,,,,,,,,,,,,,,,excel_2015_2020,,,,,,,,,,,,,,,,,,,,,,,,,,,,,
BICIS,Groupes Internationaux,2017,314239.0,442968.0,356535.0,40180.0,455.0,32.0,116328.0,24178.0,4588.0,173.0,13380.0,2976.0,1123.0,1309.0,1299.0,356.0,33542.0,0.0,20069.0,2098.0,11375.0,-2766.0,14141.0,99.0,14240.0,3884.0,10356.0,excel_2015_2020,,,,,,,,,,,,,,,,,,,,,,,,,,,,,
BICIS,Groupes Internationaux,2018,326424.0,463539.0,370987.0,47340.0,469.0,33.0,86472.0,24036.0,4772.0,213.0,13840.0,2138.0,2428.0,0.0,908.0,446.0,34069.0,0.0,19987.0,1953.0,12129.0,-507.0,12636.0,15.0,12651.0,3566.0,9085.0,excel_2015_2020,,,,,,,,,,,,,,,,,,,,,,,,,,,,,
BICIS,Groupes Internationaux,2019,346428.0,499528.0,385663.0,55884.0,483.0,33.0,86775.0,28170.0,5365.0,203.0,13718.0,2681.0,2496.0,,744.0,944.0,36341.0,,20104.0,1910.0,14327.0,2247.0,12080.0,234.0,12314.0,3770.0,8544.0,excel_2015_2020,,,,,,,,,,,,,,,,,,,,,,,,,,,,,
BICIS,Groupes Internationaux,2020,299014.0,483662.0,451441.0,,483.0,33.0,113171.0,,,,,,,,,,,,,,,,,,,,,excel_2015_2020,,,,,,,,,,,,,,,,,,,,,,,,,,,,,
BICIS,Groupes Internationaux,2021,301622.0,,,67569.0,,,,24926.0,4073.0,16.0,13295.0,1911.0,2599.0,0.0,330.0,4082.0,34774.0,0.0,20649.0,1963.0,12162.0,2906.0,9256.0,300.0,10556.0,2122.0,8434.0,bceao_pdf_2021,134817.0,81324.0,3454.0,301622.0,0.0,0.0,0.0,19930.0,7879.0,1139.0,0.0,0.0,528.0,7234.0,0.0,27197.0,430973.0,0.0,13474.0,3482.0,0.0,67569.0,10000.0,0.0,49135.0,0.0,0.0,0.0,8434.0
BICIS,Groupes Internationaux,2022,324279.0,,,64191.0,,,,25326.0,4105.0,125.0,14041.0,2442.0,2535.0,0.0,1597.0,962.0,34115.0,0.0,21742.0,1884.0,10489.0,4821.0,5668.0,157.0,5825.0,869.0,4956.0,bceao_pdf_2022,195035.0,113782.0,2406.0,324279.0,0.0,0.0,0.0,16166.0,8160.0,1139.0,0.0,0.0,503.0,7367.0,0.0,12074.0,563492.0,0.0,9564.0,3893.0,0.0,64191.0,10000.0,0.0,49235.0,0.0,0.0,0.0,4956.0
BIS,Groupes Règionaux,2015,155706.0,214264.0,168435.0,27059.0,132.0,23.0,30952.0,,,,,,,,,,,,,,,,,,,,,excel_2015_2020,,,,,,,,,,,,,,,,,,,,,,,,,,,,,
BIS,Groupes Règionaux,2016,174368.0,285684.0,230187.0,29609.0,163.0,26.0,42923.0,,,,,,,,,,,,,,,,,,,,,excel_2015_2020,,,,,,,,,,,,,,,,,,,,,,,,,,,,,
BIS,Groupes Règionaux,2017,232501.0,315392.0,259260.0,34467.0,182.0,27.0,53895.0,14721.0,7601.0,0.0,3699.0,,0.0,2830.0,3718.0,496.0,16871.0,,7615.0,632.0,8624.0,342.0,8282.0,0.0,8282.0,1904.0,6378.0,excel_2015_2020,,,,,,,,,,,,,,,,,,,,,,,,,,,,,
BIS,Groupes Règionaux,2018,287646.0,363243.0,294439.0,39542.0,202.0,28.0,67751.0,16356.0,8867.0,0.0,3732.0,0.0,0.0,2405.0,3420.0,568.0,16478.0,,8393.0,681.0,7404.0,-1257.0,8661.0,,8661.0,2087.0,6574.0,excel_2015_2020,,,,,,,,,,,,,,,,,,,,,,,,,,,,,
BIS,Groupes Règionaux,2019,292192.0,369275.0,280335.0,43767.0,206.0,28.0,82281.0,19609.0,9953.0,,4355.0,,931.0,2078.0,2013.0,131.0,18902.0,,9979.0,728.0,8195.0,-166.0,8361.0,50.0,8411.0,2185.0,6226.0,excel_2015_2020,,,,,,,,,,,,,,,,,,,,,,,,,,,,,
BIS,Groupes Règionaux,2020,330840.0,437707.0,310699.0,,225.0,28.0,96609.0,,,,,,,,,,,,,,,,,,,,,excel_2015_2020,,,,,,,,,,,,,,,,,,,,,,,,,,,,,
BIS,Groupes Règionaux,2021,458187.0,,,63512.0,,,,28199.0,11415.0,9446.0,499.0,1348.0,177.0,27256.0,11259.0,1202.0,14795.0,1641.0,13154.0,239.0,13393.0,3751.0,9642.0,,,,,bceao_pdf_2021,29206.0,36361.0,33702.0,458187.0,0.0,0.0,0.0,2798.0,3294.0,784.0,0.0,0.0,406.0,15794.0,200.0,111707.0,388378.0,0.0,9197.0,1351.0,0.0,63512.0,27500.0,0.0,21874.0,18.0,0.0,4478.0,9642.0
BIS,Groupes Règionaux,2022,563859.0,,,68034.0,,,,35288.0,15016.0,11703.0,721.0,2810.0,121.0,34102.0,14563.0,1438.0,18101.0,5805.0,12296.0,19.0,12315.0,3792.0,8523.0,,,,,bceao_pdf_2022,40280.0,103485.0,3843.0,563859.0,0.0,0.0,0.0,2326.0,3551.0,1159.0,0.0,0.0,1279.0,16105.0,200.0,137752.0,504514.0,0.0,13815.0,5034.0,0.0,68034.0,27500.0,0.0,27515.0,18.0,0.0,4478.0,8523.0
BNDE,Groupes Locaux,2015,38226.0,76436.0,30244.0,11398.0,133.0,7.0,3279.0,,,,,,,,,,,,,,,,,,,,,excel_2015_2020,,,,,,,,,,,,,,,,,,,,,,,,,,,,,
BNDE,Groupes Locaux,2016,39360.0,87491.0,37131.0,11689.0,135.0,9.0,5150.0,,,,,,,,,,,,,,,,,,,,,excel_2015_2020,,,,,,,,,,,,,,,,,,,,,,,,,,,,,
BNDE,Groupes Locaux,2017,74853.0,140318.0,71964.0,29786.0,150.0,11.0,8114.0,5636.0,1713.0,,4056.0,16.0,,,91.0,302.0,7752.0,,4407.0,853.0,2492.0,893.0,1599.0,,1599.0,5.0,1594.0,excel_2015_2020,,,,,,,,,,,,,,,,,,,,,,,,,,,,,
BNDE,Groupes Locaux,2018,104469.0,175417.0,87291.0,30865.0,163.0,12.0,12696.0,8601.0,3121.0,,3829.0,519.0,0.0,0.0,860.0,161.0,9489.0,,5200.0,655.0,3634.0,1070.0,2564.0,100.0,2664.0,485.0,2179.0,excel_2015_2020,,,,,,,,,,,,,,,,,,,,,,,,,,,,,
BNDE,Groupes Locaux,2019,91839.0,216335.0,111204.0,33681.0,182.0,13.0,14095.0,11290.0,3947.0,0.0,3274.0,933.0,0.0,0.0,1180.0,78.0,10786.0,0.0,6400.0,788.0,3598.0,495.0,3103.0,-31.0,3072.0,255.0,2817.0,excel_2015_2020,,,,,,,,,,,,,,,,,,,,,,,,,,,,,
BNDE,Groupes Locaux,2020,123567.0,279297.0,112612.0,,197.0,15.0,17801.0,,,,,,,,,,,,,,,,,,,,,excel_2015_2020,,,,,,,,,,,,,,,,,,,,,,,,,,,,,
BNDE,Groupes Locaux,2021,147251.0,,,36763.0,,,,17827.0,6370.0,0.0,3655.0,1392.0,0.0,0.0,311.0,214.0,13817.0,0.0,8044.0,1140.0,4633.0,1946.0,2687.0,111.0,2798.0,5.0,2793.0,bceao_pdf_2021,7535.0,114193.0,19074.0,147251.0,19174.0,4558.0,0.0,3614.0,2516.0,757.0,0.0,0.0,1435.0,12729.0,69014.0,49710.0,170102.0,0.0,4002.0,0.0,0.0,36763.0,11000.0,16782.0,6188.0,0.0,0.0,0.0,2793.0
BNDE,Groupes Locaux,2022,163570.0,,,37216.0,,,,21404.0,6851.0,0.0,5524.0,2364.0,0.0,0.0,35.0,109.0,17639.0,0.0,9818.0,1190.0,6631.0,6106.0,525.0,-67.0,458.0,5.0,453.0,bceao_pdf_2022,8873.0,138231.0,39346.0,163570.0,21667.0,4654.0,0.0,4087.0,3436.0,757.0,0.0,0.0,1466.0,14458.0,109042.0,60499.0,181334.0,0.0,6047.0,919.0,0.0,37216.0,11000.0,16782.0,8981.0,0.0,0.0,0.0,453.0
BOA,Groupes Continentaux,2015,193153.0,361878.0,206125.0,26280.0,234.0,33.0,142256.0,,,,,,,,,,,,,,,,,,,,,excel_2015_2020,,,,,,,,,,,,,,,,,,,,,,,,,,,,,
BOA,Groupes Continentaux,2016,235388.0,521726.0,318797.0,29331.0,234.0,42.0,142256.0,,,,,,,,,,,,,,,,,,,,,excel_2015_2020,,,,,,,,,,,,,,,,,,,,,,,,,,,,,
BOA,Groupes Continentaux,2017,240239.0,459146.0,274314.0,34093.0,330.0,55.0,213635.0,30099.0,13493.0,90.0,5465.0,263.0,0.0,-12.0,4762.0,1829.0,24819.0,,12611.0,1599.0,10609.0,-909.0,11518.0,,11518.0,130.0,11388.0,excel_2015_2020,,,,,,,,,,,,,,,,,,,,,,,,,,,,,
BOA,Groupes Continentaux,2018,241382.0,449937.0,290746.0,38335.0,330.0,59.0,262262.0,27869.0,13045.0,98.0,8842.0,286.0,0.0,34.0,3845.0,2409.0,24948.0,0.0,14205.0,1906.0,8837.0,-315.0,9152.0,116.0,9268.0,759.0,8509.0,excel_2015_2020,,,,,,,,,,,,,,,,,,,,,,,,,,,,,
BOA,Groupes Continentaux,2019,267184.0,534863.0,342478.0,43184.0,347.0,60.0,358471.0,30522.0,12863.0,56.0,9205.0,1532.0,,1255.0,3646.0,187.0,30102.0,,15832.0,1905.0,12365.0,2244.0,10121.0,-56.0,10065.0,950.0,9115.0,excel_2015_2020,,,,,,,,,,,,,,,,,,,,,,,,,,,,,
BOA,Groupes Continentaux,2020,285619.0,562897.0,344904.0,,379.0,59.0,317090.0,,,,,,,,,,,,,,,,,,,,,excel_2015_2020,,,,,,,,,,,,,,,,,,,,,,,,,,,,,
BRM,Groupes Règionaux,2015,132957.0,293900.0,98221.0,26425.0,64.0,1.0,636.0,,,,,,,,,,,,,,,,,,,,,excel_2015_2020,,,,,,,,,,,,,,,,,,,,,,,,,,,,,
BRM,Groupes Règionaux,2016,128797.0,315452.0,91269.0,30956.0,76.0,2.0,785.0,,,,,,,,,,,,,,,,,,,,,excel_2015_2020,,,,,,,,,,,,,,,,,,,,,,,,,,,,,
BRM,Groupes Règionaux,2018,234245.0,408297.0,152373.0,,144.0,2.0,1233.0,,,,,,,,,,,,,,,,,,,,,excel_2015_2020,,,,,,,,,,,,,,,,,,,,,,,,,,,,,
BRM,Groupes Règionaux,2019,250305.0,353164.0,127355.0,,118.0,4.0,1036.0,,,,,,,,,,,,,,,,,,,,,excel_2015_2020,,,,,,,,,,,,,,,,,,,,,,,,,,,,,
BRM,Groupes Règionaux,2020,148208.0,292888.0,164111.0,,125.0,4.0,1564.0,,,,,,,,,,,,,,,,,,,,,excel_2015_2020,,,,,,,,,,,,,,,,,,,,,,,,,,,,,
BRM,Groupes Règionaux,2021,97783.0,,,-80102.0,,,,5975.0,6623.0,282.0,222.0,-367.0,-583.0,439.0,32.0,-1131.0,0.0,3864.0,170.0,-5165.0,3780.0,-8945.0,-8945.0,5.0,-8950.0,,,bceao_pdf_2021,4171.0,59830.0,4739.0,97783.0,0.0,570.0,0.0,5688.0,2126.0,17.0,15.0,0.0,15.0,21040.0,1352.0,105129.0,134082.0,17402.0,2336.0,11934.0,0.0,-80102.0,16000.0,0.0,4983.0,0.0,0.0,-92135.0,-8950.0
BRM,Groupes Règionaux,2022,84661.0,,,-86821.0,,,,4830.0,5897.0,175.0,73.0,-339.0,-560.0,22.0,151.0,-1993.0,0.0,2390.0,422.0,-4805.0,1631.0,-6436.0,-6713.0,5.0,-6718.0,,,bceao_pdf_2022,1324.0,43607.0,4785.0,84661.0,0.0,570.0,0.0,5054.0,1966.0,17.0,15.0,0.0,36.0,18505.0,1338.0,72750.0,138439.0,17222.0,2322.0,11954.0,0.0,-86821.0,16000.0,0.0,4983.0,0.0,0.0,-101086.0,-6718.0
BSIC,Groupes Règionaux,2017,58944.0,124741.0,61006.0,11072.0,165.0,14.0,32966.0,7376.0,3583.0,,2391.0,145.0,,,114.0,506.0,5647.0,0.0,4360.0,510.0,777.0,2070.0,-1293.0,0.0,-1293.0,5.0,-1298.0,excel_2015_2020,,,,,,,,,,,,,,,,,,,,,,,,,,,,,
BSIC,Groupes Règionaux,2018,46202.0,122869.0,52792.0,5878.0,156.0,14.0,39401.0,6417.0,3981.0,,2638.0,59.0,,,626.0,946.0,4695.0,0.0,4693.0,656.0,-654.0,4534.0,-5188.0,0.0,-5188.0,5.0,-5193.0,excel_2015_2020,,,,,,,,,,,,,,,,,,,,,,,,,,,,,
BSIC,Groupes Règionaux,2019,48202.0,120203.0,62521.0,4230.0,154.0,14.0,36539.0,6489.0,3723.0,0.0,1870.0,96.0,168.0,0.0,349.0,732.0,4325.0,,4787.0,630.0,-1092.0,706.0,-1798.0,155.0,-1643.0,5.0,-1648.0,excel_2015_2020,,,,,,,,,,,,,,,,,,,,,,,,,,,,,
BSIC,Groupes Règionaux,2020,48037.0,131535.0,81827.0,,154.0,14.0,37932.0,,,,,,,,,,,,,,,,,,,,,excel_2015_2020,,,,,,,,,,,,,,,,,,,,,,,,,,,,,
BSIC,Groupes Règionaux,2021,72020.0,,,5994.0,,,,6932.0,2920.0,1904.0,135.0,196.0,0.0,817.0,344.0,6450.0,0.0,5280.0,577.0,593.0,474.0,1191.0,477.0,596.0,5.0,591.0,,bceao_pdf_2021,14965.0,40127.0,1614.0,72020.0,450.0,0.0,0.0,4954.0,407.0,196.0,0.0,0.0,569.0,14363.0,0.0,50578.0,81891.0,0.0,2965.0,677.0,7000.0,5994.0,27000.0,0.0,67.0,0.0,0.0,-21664.0,591.0
BSIC,Groupes Règionaux,2022,118893.0,,,30500.0,,,,9946.0,3636.0,3462.0,988.0,0.0,0.0,334.0,198.0,8920.0,0.0,6781.0,589.0,1550.0,162.0,712.0,322.0,2034.0,5.0,2029.0,,bceao_pdf_2022,14704.0,53967.0,7476.0,118893.0,450.0,0.0,0.0,977.0,1027.0,140.0,56.0,0.0,554.0,9908.0,0.0,52992.0,137657.0,866.0,625.0,3500.0,11523.0,30500.0,0.0,67.0,0.0,0.0,-21073.0,2029.0,
CBAO,Groupes Continentaux,2015,494074.0,811726.0,626330.0,81176.0,1028.0,87.0,265208.0,,,,,,,,,,,,,,,,,,,,,excel_2015_2020,,,,,,,,,,,,,,,,,,,,,,,,,,,,,
CBAO,Groupes Continentaux,2016,559794.0,918827.0,647990.0,85750.0,1015.0,90.0,310288.0,,,,,,,,,,,,,,,,,,,,,excel_2015_2020,,,,,,,,,,,,,,,,,,,,,,,,,,,,,
CBAO,Groupes Continentaux,2017,670185.0,989383.0,749689.0,88417.0,1013.0,86.0,325409.0,72667.0,23192.0,121.0,22441.0,255.0,1047.0,-72.0,1833.0,2440.0,72150.0,0.0,36570.0,2814.0,32766.0,9856.0,22910.0,496.0,23406.0,6332.0,17074.0,excel_2015_2020,,,,,,,,,,,,,,,,,,,,,,,,,,,,,
CBAO,Groupes Continentaux,2018,658655.0,961930.0,779970.0,101402.0,1013.0,87.0,348504.0,58634.0,10141.0,250.0,21911.0,222.0,1549.0,-41.0,634.0,2567.0,70007.0,,34777.0,2097.0,33133.0,1291.0,31842.0,7.0,31849.0,8464.0,23385.0,excel_2015_2020,,,,,,,,,,,,,,,,,,,,,,,,,,,,,
CBAO,Groupes Continentaux,2019,700259.0,1033330.0,866397.0,109639.0,1037.0,88.0,406914.0,62334.0,10813.0,362.0,24921.0,158.0,1397.0,0.0,1457.0,2181.0,77319.0,,36936.0,2184.0,38199.0,2803.0,35396.0,134.0,35530.0,9428.0,26102.0,excel_2015_2020,,,,,,,,,,,,,,,,,,,,,,,,,,,,,
CBAO,Groupes Continentaux,2020,668334.0,1151047.0,859399.0,,1044.0,90.0,429213.0,,,,,,,,,,,,,,,,,,,,,excel_2015_2020,,,,,,,,,,,,,,,,,,,,,,,,,,,,,
CBAO,Groupes Continentaux,2021,754858.0,,,124305.0,,,,65478.0,10438.0,124.0,28035.0,317.0,1659.0,0.0,1258.0,2455.0,83344.0,0.0,38617.0,2409.0,42318.0,4287.0,38031.0,973.0,39004.0,9589.0,29415.0,bceao_pdf_2021,85025.0,208073.0,34628.0,754858.0,5381.0,21071.0,0.0,10585.0,14231.0,200.0,17500.0,0.0,1912.0,29879.0,0.0,9599.0,969295.0,0.0,26672.0,10490.0,18188.0,124305.0,11450.0,11300.0,72140.0,0.0,0.0,0.0,29415.0
CBAO,Groupes Continentaux,2022,871980.0,,,138544.0,,,,70592.0,9404.0,268.0,31804.0,215.0,1884.0,556.0,1623.0,3214.0,93894.0,0.0,41244.0,2834.0,49816.0,3451.0,46365.0,184.0,46549.0,12174.0,34375.0,bceao_pdf_2022,114036.0,240477.0,36619.0,871980.0,5313.0,14737.0,0.0,5015.0,13674.0,200.0,17484.0,0.0,1968.0,29280.0,0.0,25876.0,1102891.0,0.0,20498.0,10560.0,26215.0,138544.0,11450.0,11300.0,81419.0,0.0,0.0,0.0,34375.0
CBI,Groupes Règionaux,2017,21626.0,40255.0,23663.0,3576.0,31.0,2.0,2372.0,1476.0,623.0,0.0,1049.0,34.0,0.0,0.0,0.0,5.0,1863.0,0.0,1571.0,187.0,105.0,21.0,84.0,,84.0,8.0,76.0,excel_2015_2020,,,,,,,,,,,,,,,,,,,,,,,,,,,,,
CBI,Groupes Règionaux,2018,46617.0,81875.0,30773.0,10500.0,36.0,2.0,3465.0,,,,,,,,,,0.0,,,,0.0,,0.0,,0.0,,0.0,excel_2015_2020,,,,,,,,,,,,,,,,,,,,,,,,,,,,,
CBI,Groupes Règionaux,2019,130097.0,185634.0,128012.0,23078.0,53.0,5.0,5705.0,6206.0,1625.0,0.0,4120.0,174.0,-102.0,0.0,24.0,,8449.0,0.0,3409.0,294.0,4746.0,476.0,4270.0,,4270.0,1192.0,3078.0,excel_2015_2020,,,,,,,,,,,,,,,,,,,,,,,,,,,,,
CBI,Groupes Règionaux,2020,153437.0,324023.0,152263.0,,89.0,12.0,18540.0,,,,,,,,,,,,,,,,,,,,,excel_2015_2020,,,,,,,,,,,,,,,,,,,,,,,,,,,,,
CDS,Groupes Règionaux,2015,90286.0,171978.0,124374.0,15788.0,126.0,8.0,20810.0,,,,,,,,,,,,,,,,,,,,,excel_2015_2020,,,,,,,,,,,,,,,,,,,,,,,,,,,,,
CDS,Groupes Règionaux,2016,95837.0,192935.0,142201.0,17863.0,125.0,8.0,20558.0,,,,,,,,,,,,,,,,,,,,,excel_2015_2020,,,,,,,,,,,,,,,,,,,,,,,,,,,,,
CDS,Groupes Règionaux,2017,90451.0,167833.0,120467.0,21803.0,131.0,8.0,21025.0,9356.0,1629.0,1502.0,1849.0,31.0,,58.0,590.0,254.0,11441.0,,5748.0,580.0,5113.0,1162.0,3951.0,9.0,3960.0,903.0,3057.0,excel_2015_2020,,,,,,,,,,,,,,,,,,,,,,,,,,,,,
CDS,Groupes Règionaux,2018,114166.0,204668.0,147050.0,23614.0,131.0,8.0,22329.0,9713.0,2018.0,720.0,2212.0,38.0,0.0,0.0,901.0,469.0,11021.0,,5428.0,568.0,5025.0,631.0,4394.0,24.0,4418.0,906.0,3512.0,excel_2015_2020,,,,,,,,,,,,,,,,,,,,,,,,,,,,,
CDS,Groupes Règionaux,2019,127188.0,230294.0,164921.0,27073.0,143.0,8.0,22943.0,11873.0,2480.0,473.0,2211.0,95.0,106.0,411.0,589.0,231.0,12857.0,0.0,6032.0,583.0,6242.0,-396.0,6638.0,69.0,6707.0,1499.0,5208.0,excel_2015_2020,,,,,,,,,,,,,,,,,,,,,,,,,,,,,
CDS,Groupes Règionaux,2020,120974.0,234308.0,165867.0,,150.0,8.0,27335.0,,,,,,,,,,,,,,,,,,,,,excel_2015_2020,,,,,,,,,,,,,,,,,,,,,,,,,,,,,
CDS,Groupes Règionaux,2021,155004.0,,,32347.0,,,,14200.0,2911.0,45.0,2341.0,111.0,242.0,553.0,588.0,274.0,14673.0,0.0,6462.0,857.0,7354.0,28.0,7326.0,21.0,7347.0,1526.0,5821.0,bceao_pdf_2021,4409.0,74106.0,3277.0,155004.0,0.0,76.0,0.0,780.0,2842.0,436.0,0.0,0.0,2047.0,1160.0,0.0,56048.0,146641.0,0.0,2711.0,1802.0,0.0,32347.0,10000.0,0.0,8560.0,0.0,0.0,7966.0,5821.0
CDS,Groupes Règionaux,2022,178816.0,,,35039.0,,,,16475.0,3609.0,42.0,2441.0,136.0,345.0,0.0,653.0,342.0,15869.0,0.0,6675.0,942.0,8252.0,-207.0,8459.0,2.0,8461.0,1695.0,6766.0,bceao_pdf_2022,4217.0,85073.0,10384.0,178816.0,0.0,86.0,0.0,841.0,3068.0,436.0,0.0,0.0,1973.0,1670.0,0.0,59639.0,182680.0,0.0,2717.0,1968.0,0.0,35039.0,10000.0,0.0,9434.0,0.0,0.0,8839.0,6766.0
CISA,Groupes Internationaux,2015,2091.0,51395.0,33630.0,8894.0,29.0,2.0,1175.0,,,,,,,,,,,,,,,,,,,,,excel_2015_2020,,,,,,,,,,,,,,,,,,,,,,,,,,,,,
CISA,Groupes Internationaux,2016,23810.0,55995.0,40209.0,9496.0,51.0,2.0,1139.0,,,,,,,,,,,,,,,,,,,,,excel_2015_2020,,,,,,,,,,,,,,,,,,,,,,,,,,,,,
CISA,Groupes Internationaux,2017,26375.0,62821.0,46289.0,12357.0,39.0,2.0,1401.0,3685.0,1683.0,0.0,796.0,70.0,155.0,0.0,0.0,,2883.0,,1678.0,268.0,937.0,86.0,851.0,,851.0,5.0,846.0,excel_2015_2020,,,,,,,,,,,,,,,,,,,,,,,,,,,,,
CISA,Groupes Internationaux,2018,28131.0,65335.0,147050.0,12474.0,58.0,2.0,1338.0,4036.0,1848.0,0.0,738.0,89.0,104.0,0.0,0.0,0.0,2941.0,,1990.0,278.0,673.0,90.0,583.0,,583.0,5.0,578.0,excel_2015_2020,,,,,,,,,,,,,,,,,,,,,,,,,,,,,
CISA,Groupes Internationaux,2019,24122.0,57663.0,35645.0,13166.0,52.0,2.0,1430.0,3759.0,1702.0,0.0,789.0,116.0,83.0,0.0,0.0,0.0,2813.0,,1609.0,232.0,972.0,82.0,890.0,0.0,890.0,5.0,885.0,excel_2015_2020,,,,,,,,,,,,,,,,,,,,,,,,,,,,,
CISA,Groupes Internationaux,2020,24343.0,54371.0,46724.0,,51.0,2.0,1644.0,,,,,,,,,,,,,,,,,,,,,excel_2015_2020,,,,,,,,,,,,,,,,,,,,,,,,,,,,,
CITIBANK,Groupes Continentaux,2015,21784.0,87696.0,57126.0,19847.0,32.0,1.0,166.0,,,,,,,,,,,,,,,,,,,,,excel_2015_2020,,,,,,,,,,,,,,,,,,,,,,,,,,,,,
CITIBANK,Groupes Continentaux,2016,31386.0,104708.0,69104.0,20363.0,28.0,1.0,147.0,,,,,,,,,,,,,,,,,,,,,excel_2015_2020,,,,,,,,,,,,,,,,,,,,,,,,,,,,,
CITIBANK,Groupes Continentaux,2017,48374.0,101380.0,66537.0,21921.0,29.0,1.0,247.0,2159.0,55.0,0.0,1584.0,0.0,0.0,893.0,2491.0,62.0,7010.0,0.0,3333.0,138.0,3539.0,-662.0,4201.0,,4201.0,1024.0,3177.0,excel_2015_2020,,,,,,,,,,,,,,,,,,,,,,,,,,,,,
CITIBANK,Groupes Continentaux,2018,57060.0,107725.0,75695.0,18151.0,29.0,1.0,245.0,3416.0,130.0,,1765.0,,,2402.0,362.0,154.0,7661.0,,3865.0,102.0,3694.0,1670.0,2024.0,17.0,2041.0,610.0,1431.0,excel_2015_2020,,,,,,,,,,,,,,,,,,,,,,,,,,,,,
CITIBANK,Groupes Continentaux,2019,55997.0,114862.0,83403.0,21350.0,29.0,1.0,203.0,3607.0,210.0,,2324.0,,,2716.0,1578.0,187.0,9828.0,,4974.0,119.0,4735.0,-1587.0,6322.0,0.0,6322.0,1907.0,4415.0,excel_2015_2020,,,,,,,,,,,,,,,,,,,,,,,,,,,,,
CITIBANK,Groupes Continentaux,2020,43616.0,135275.0,157563.0,,28.0,1.0,258.0,,,,,,,,,,,,,,,,,,,,,excel_2015_2020,,,,,,,,,,,,,,,,,,,,,,,,,,,,,
CITIBANK,Groupes Continentaux,2021,46613.0,,,28466.0,,,,4434.0,340.0,2016.0,0.0,3492.0,46.0,177.0,100.0,9725.0,0.0,4091.0,225.0,5409.0,0.0,5409.0,48.0,5457.0,1114.0,4343.0,,bceao_pdf_2021,124593.0,42492.0,12045.0,46613.0,0.0,0.0,0.0,559.0,660.0,25.0,0.0,0.0,18.0,388.0,0.0,2254.0,187753.0,0.0,7368.0,277.0,0.0,28466.0,15049.0,0.0,2964.0,0.0,0.0,6110.0,4343.0
CITIBANK,Groupes Continentaux,2022,106858.0,,,31126.0,,,,5293.0,27.0,2755.0,0.0,5879.0,509.0,246.0,147.0,14508.0,0.0,4849.0,194.0,9465.0,0.0,9465.0,0.0,9465.0,2508.0,6957.0,,bceao_pdf_2022,104512.0,60840.0,4240.0,106858.0,0.0,0.0,0.0,476.0,962.0,25.0,0.0,0.0,43.0,315.0,0.0,4482.0,237285.0,0.0,3254.0,275.0,0.0,31126.0,15049.0,0.0,3010.0,0.0,0.0,6110.0,6957.0
ECOBANK,Groupes Continentaux,2015,316186.0,648371.0,497791.0,29819.0,342.0,39.0,215941.0,,,,,,,,,,,,,,,,,,,,,excel_2015_2020,,,,,,,,,,,,,,,,,,,,,,,,,,,,,
ECOBANK,Groupes Continentaux,2016,284138.0,741250.0,490739.0,33358.0,356.0,38.0,261009.0,,,,,,,,,,,,,,,,,,,,,excel_2015_2020,,,,,,,,,,,,,,,,,,,,,,,,,,,,,
ECOBANK,Groupes Continentaux,2017,327756.0,715278.0,513305.0,36623.0,355.0,34.0,237045.0,21762.0,12504.0,13378.0,9917.0,1494.0,9548.0,,863.0,51.0,41419.0,,24087.0,2361.0,14971.0,6155.0,8816.0,95.0,8911.0,5.0,8906.0,excel_2015_2020,,,,,,,,,,,,,,,,,,,,,,,,,,,,,
ECOBANK,Groupes Continentaux,2018,316950.0,701430.0,473130.0,41939.0,423.0,34.0,255626.0,21763.0,11140.0,12008.0,13793.0,765.0,7262.0,,161.0,634.0,42448.0,,24600.0,2342.0,15506.0,2284.0,13222.0,134.0,13356.0,238.0,13118.0,excel_2015_2020,,,,,,,,,,,,,,,,,,,,,,,,,,,,,
ECOBANK,Groupes Continentaux,2019,319764.0,654760.0,526114.0,43391.0,411.0,34.0,219924.0,24872.0,15526.0,11081.0,14775.0,1756.0,4682.0,1069.0,285.0,,39482.0,,27884.0,2285.0,9313.0,1299.0,8014.0,27.0,8041.0,5.0,8036.0,excel_2015_2020,,,,,,,,,,,,,,,,,,,,,,,,,,,,,
ECOBANK,Groupes Continentaux,2020,299014.0,721563.0,461252.0,,399.0,28.0,234344.0,,,,,,,,,,,,,,,,,,,,,excel_2015_2020,,,,,,,,,,,,,,,,,,,,,,,,,,,,,
ECOBANK,Groupes Continentaux,2021,352174.0,,,52922.0,,,,43503.0,17219.0,656.0,11414.0,1708.0,5032.0,10219.0,497.0,42634.0,24057.0,1406.0,17171.0,4859.0,12312.0,0.0,12312.0,5.0,12307.0,,,bceao_pdf_2021,91395.0,5044.0,52084.0,352174.0,278103.0,11958.0,0.0,12956.0,6103.0,717.0,0.0,0.0,66.0,21577.0,0.0,230886.0,543241.0,0.0,9234.0,2161.0,0.0,52922.0,17372.0,2930.0,17474.0,0.0,0.0,2839.0,12307.0
ECOBANK,Groupes Continentaux,2022,387406.0,,,2930.0,,,,40230.0,23954.0,1352.0,12026.0,1406.0,5404.0,728.0,2615.0,53121.0,26697.0,1687.0,24737.0,6850.0,17887.0,696.0,18583.0,5.0,18578.0,,,bceao_pdf_2022,86627.0,381768.0,57710.0,387406.0,12093.0,16143.0,4668.0,717.0,2112.0,16743.0,,,,,24811.0,237278.0,617763.0,3979.0,13385.0,64652.0,17372.0,2930.0,19320.0,6452.0,18578.0,,,,
FBNBANK,Groupes Continentaux,2015,7529.0,32204.0,14727.0,10210.0,68.0,3.0,2896.0,,,,,,,,,,,,,,,,,,,,,excel_2015_2020,,,,,,,,,,,,,,,,,,,,,,,,,,,,,
FBNBANK,Groupes Continentaux,2016,4769.0,37089.0,16713.0,10415.0,65.0,3.0,2400.0,,,,,,,,,,,,,,,,,,,,,excel_2015_2020,,,,,,,,,,,,,,,,,,,,,,,,,,,,,
FBNBANK,Groupes Continentaux,2017,5165.0,30849.0,14582.0,10625.0,89.0,3.0,3095.0,830.0,531.0,,1498.0,8.0,,920.0,649.0,117.0,3241.0,0.0,2609.0,378.0,254.0,6.0,248.0,,248.0,5.0,243.0,excel_2015_2020,,,,,,,,,,,,,,,,,,,,,,,,,,,,,
FBNBANK,Groupes Continentaux,2018,6701.0,35518.0,18146.0,10714.0,94.0,3.0,3797.0,1905.0,631.0,0.0,1372.0,239.0,0.0,79.0,70.0,81.0,2475.0,0.0,2347.0,269.0,-141.0,-234.0,93.0,1.0,94.0,5.0,89.0,excel_2015_2020,,,,,,,,,,,,,,,,,,,,,,,,,,,,,
FBNBANK,Groupes Continentaux,2019,6338.0,29930.0,17386.0,10909.0,107.0,3.0,4050.0,2167.0,607.0,0.0,1491.0,102.0,56.0,0.0,39.0,0.0,3044.0,0.0,2715.0,207.0,122.0,-76.0,198.0,0.0,198.0,5.0,193.0,excel_2015_2020,,,,,,,,,,,,,,,,,,,,,,,,,,,,,
FBNBANK,Groupes Continentaux,2020,26025.0,72848.0,36455.0,,98.0,6.0,6171.0,,,,,,,,,,,,,,,,,,,,,excel_2015_2020,,,,,,,,,,,,,,,,,,,,,,,,,,,,,
FBNBANK,Groupes Continentaux,2021,75504.0,,,12064.0,,,,4747.0,1518.0,0.0,1463.0,140.0,278.0,0.0,24.0,1.0,4853.0,0.0,3487.0,230.0,1136.0,1462.0,0.0,1462.0,5.0,1412.0,,bceao_pdf_2021,14249.0,27520.0,776.0,75504.0,0.0,0.0,0.0,1528.0,855.0,15.0,0.0,0.0,203.0,1207.0,0.0,1136.0,106562.0,0.0,648.0,0.0,0.0,12064.0,13265.0,3.0,0.0,0.0,0.0,-2345.0,1141.0
FBNBANK,Groupes Continentaux,2022,116355.0,,,14193.0,,,,9300.0,3382.0,0.0,1852.0,421.0,688.0,0.0,34.0,185.0,7886.0,0.0,5022.0,319.0,2545.0,133.0,1.0,134.0,5.0,129.0,,bceao_pdf_2022,39364.0,142227.0,1170.0,116355.0,0.0,0.0,0.0,6572.0,1556.0,15.0,0.0,0.0,206.0,1716.0,0.0,38840.0,251111.0,0.0,2274.0,0.0,0.0,14193.0,13265.0,3.0,0.0,0.0,0.0,-1204.0,2129.0
LBA,Groupes Locaux,2015,207509.0,242576.0,165785.0,18227.0,303.0,33.0,119784.0,,,,,,,,,,,,,,,,,,,,,excel_2015_2020,,,,,,,,,,,,,,,,,,,,,,,,,,,,,
LBA,Groupes Locaux,2016,210790.0,249489.0,172588.0,19534.0,322.0,32.0,126749.0,,,,,,,,,,,,,,,,,,,,,excel_2015_2020,,,,,,,,,,,,,,,,,,,,,,,,,,,,,
LBA,Groupes Locaux,2017,228003.0,254211.0,175104.0,21717.0,328.0,34.0,133103.0,12366.0,4288.0,,9681.0,562.0,,,,,17197.0,,10364.0,1032.0,5801.0,3618.0,2183.0,,2183.0,,2183.0,excel_2015_2020,,,,,,,,,,,,,,,,,,,,,,,,,,,,,
LBA,Groupes Locaux,2018,270577.0,296545.0,206661.0,30284.0,351.0,37.0,143252.0,14026.0,4720.0,,9547.0,274.0,,,,,18579.0,0.0,11077.0,1090.0,6412.0,3048.0,3364.0,,3364.0,1125.0,2239.0,excel_2015_2020,,,,,,,,,,,,,,,,,,,,,,,,,,,,,
LBA,Groupes Locaux,2019,270554.0,328595.0,232700.0,30311.0,350.0,38.0,176386.0,15771.0,5166.0,0.0,8987.0,349.0,0.0,0.0,0.0,,19243.0,0.0,11256.0,1169.0,6818.0,5949.0,869.0,0.0,869.0,342.0,527.0,excel_2015_2020,,,,,,,,,,,,,,,,,,,,,,,,,,,,,
LBA,Groupes Locaux,2020,272639.0,343035.0,244963.0,,353.0,40.0,181851.0,,,,,,,,,,,,,,,,,,,,,excel_2015_2020,,,,,,,,,,,,,,,,,,,,,,,,,,,,,
LBA,Groupes Locaux,2021,276424.0,,,23799.0,,,,20133.0,5318.0,0.0,5504.0,534.0,0.0,0.0,0.0,0.0,19785.0,0.0,11444.0,1396.0,6945.0,11694.0,-4749.0,0.0,-4749.0,5.0,-4754.0,bceao_pdf_2021,33619.0,0.0,16026.0,276424.0,4330.0,0.0,123.0,4584.0,17132.0,778.0,0.0,0.0,1036.0,14468.0,0.0,21927.0,266113.0,0.0,23475.0,370.0,0.0,23799.0,20000.0,2474.0,12837.0,0.0,0.0,-6758.0,-4754.0
LBA,Groupes Locaux,2022,288146.0,,,23355.0,,,,18354.0,5670.0,0.0,8026.0,524.0,0.0,0.0,0.0,0.0,20186.0,0.0,13155.0,1816.0,5215.0,5653.0,-438.0,0.0,-438.0,5.0,-443.0,bceao_pdf_2022,40710.0,0.0,11320.0,288146.0,25837.0,0.0,0.0,9910.0,13542.0,778.0,0.0,0.0,1140.0,14549.0,0.0,18393.0,296149.0,0.0,29176.0,373.0,15000.0,23355.0,20000.0,2474.0,12836.0,0.0,0.0,-11512.0,-443.0
LBO,Groupes Locaux,2017,,11213.0,,10049.0,,,,254.0,0.0,,0.0,0.0,,0.0,0.0,,254.0,,105.0,679.0,-530.0,,-530.0,,-530.0,2.0,-532.0,excel_2015_2020,,,,,,,,,,,,,,,,,,,,,,,,,,,,,
LBO,Groupes Locaux,2018,84.0,15273.0,1879.0,12324.0,36.0,1.0,168.0,647.0,6.0,,31.0,29.0,,5.0,4.0,,652.0,,1730.0,144.0,-1222.0,,-1222.0,,-1222.0,3.0,-1225.0,excel_2015_2020,,,,,,,,,,,,,,,,,,,,,,,,,,,,,
LBO,Groupes Locaux,2019,10681.0,22941.0,11222.0,11129.0,37.0,1.0,251.0,833.0,155.0,,195.0,34.0,,33.0,69.0,,941.0,,2268.0,363.0,-1690.0,,-1690.0,,-1690.0,5.0,-1695.0,excel_2015_2020,,,,,,,,,,,,,,,,,,,,,,,,,,,,,
LBO,Groupes Locaux,2020,15473.0,29599.0,14965.0,,40.0,2.0,470.0,,,,,,,,,,,,,,,,,,,,,excel_2015_2020,,,,,,,,,,,,,,,,,,,,,,,,,,,,,
LBO,Groupes Locaux,2021,26423.0,,,9887.0,,,,1943.0,607.0,0.0,1193.0,141.0,24.0,0.0,0.0,0.0,2412.0,0.0,2687.0,477.0,-752.0,177.0,-929.0,0.0,-929.0,5.0,-934.0,bceao_pdf_2021,1965.0,2959.0,1975.0,26423.0,0.0,0.0,0.0,4536.0,416.0,0.0,0.0,0.0,437.0,2019.0,0.0,6733.0,18781.0,0.0,4403.0,260.0,0.0,9887.0,15200.0,0.0,121.0,0.0,0.0,-4500.0,-934.0
LBO,Groupes Locaux,2022,36794.0,,,10912.0,,,,2838.0,943.0,0.0,1384.0,290.0,36.0,0.0,5.0,0.0,3030.0,0.0,2847.0,444.0,-261.0,210.0,-471.0,1.0,-470.0,5.0,-475.0,bceao_pdf_2022,3533.0,4867.0,6285.0,36794.0,0.0,0.0,0.0,3882.0,558.0,0.0,0.0,0.0,235.0,1791.0,0.0,5919.0,37046.0,0.0,2723.0,335.0,0.0,10912.0,16700.0,0.0,121.0,0.0,0.0,-5434.0,-475.0
NSIA Banque,Groupes Règionaux,2017,88509.0,183519.0,119383.0,9470.0,134.0,8.0,26773.0,10427.0,5601.0,0.0,3195.0,647.0,0.0,0.0,196.0,40.0,7530.0,0.0,4594.0,966.0,1970.0,384.0,1586.0,-8.0,1578.0,5.0,1573.0,excel_2015_2020,,,,,,,,,,,,,,,,,,,,,,,,,,,,,
NSIA Banque,Groupes Règionaux,2018,136428.0,226494.0,164073.0,11937.0,125.0,10.0,30804.0,11864.0,5817.0,0.0,4103.0,690.0,0.0,0.0,80.0,57.0,9483.0,0.0,5912.0,685.0,2886.0,419.0,2467.0,0.0,2467.0,5.0,2462.0,excel_2015_2020,,,,,,,,,,,,,,,,,,,,,,,,,,,,,
NSIA Banque,Groupes Règionaux,2019,136612.0,273646.0,191680.0,14634.0,140.0,12.0,35361.0,14966.0,7241.0,0.0,4281.0,1549.0,0.0,0.0,208.0,27.0,10638.0,0.0,7087.0,639.0,2912.0,231.0,2681.0,2.0,2683.0,5.0,2678.0,excel_2015_2020,,,,,,,,,,,,,,,,,,,,,,,,,,,,,
NSIA Banque,Groupes Règionaux,2020,159892.0,363867.0,205412.0,,150.0,12.0,38535.0,,,,,,,,,,,,,,,,,,,,,excel_2015_2020,,,,,,,,,,,,,,,,,,,,,,,,,,,,,
ORABANK,Groupes Continentaux,2015,34069.0,51230.0,42186.0,2700.0,104.0,7.0,25768.0,,,,,,,,,,,,,,,,,,,,,excel_2015_2020,,,,,,,,,,,,,,,,,,,,,,,,,,,,,
ORABANK,Groupes Continentaux,2016,62957.0,96237.0,64658.0,5392.0,124.0,7.0,27085.0,,,,,,,,,,,,,,,,,,,,,excel_2015_2020,,,,,,,,,,,,,,,,,,,,,,,,,,,,,
ORABANK,Groupes Continentaux,2017,100431.0,153547.0,108823.0,10199.0,108.0,7.0,15715.0,7778.0,4225.0,0.0,4776.0,982.0,1414.0,0.0,24.0,0.0,8785.0,0.0,6055.0,308.0,2421.0,67.0,2354.0,9.0,2362.0,8.0,2355.0,excel_2015_2020,,,,,,,,,,,,,,,,,,,,,,,,,,,,,
ORABANK,Groupes Continentaux,2018,126800.0,212203.0,154036.0,12117.0,116.0,10.0,17542.0,11707.0,6411.0,0.0,5424.0,1771.0,2440.0,0.0,9.0,0.0,11398.0,0.0,7247.0,446.0,3705.0,1099.0,2606.0,-2.0,2604.0,686.0,1918.0,excel_2015_2020,,,,,,,,,,,,,,,,,,,,,,,,,,,,,
ORABANK,Groupes Continentaux,2019,187420.0,312677.0,240227.0,15360.0,138.0,11.0,13439.0,16151.0,7508.0,,7744.0,2054.0,947.0,,50.0,,15330.0,,7700.0,525.0,7105.0,3261.0,3844.0,-1.0,3843.0,600.0,3243.0,excel_2015_2020,,,,,,,,,,,,,,,,,,,,,,,,,,,,,
ORABANK,Groupes Continentaux,2020,240373.0,490396.0,277871.0,,234.0,13.0,19362.0,,,,,,,,,,,,,,,,,,,,,excel_2015_2020,,,,,,,,,,,,,,,,,,,,,,,,,,,,,
ORABANK,Groupes Continentaux,2021,367558.0,,,37030.0,,,,33042.0,16387.0,13793.0,3856.0,1891.0,286.0,49.0,28720.0,12951.0,1002.0,14767.0,1719.0,13048.0,3.0,13051.0,744.0,11307.0,,,,bceao_pdf_2021,33470.0,178831.0,38066.0,367558.0,0.0,0.0,0.0,15913.0,5386.0,15.0,0.0,0.0,627.0,3948.0,0.0,136451.0,458251.0,0.0,2946.0,1092.0,0.0,37030.0,17500.0,0.0,805.0,0.0,0.0,7418.0,11307.0
ORABANK,Groupes Continentaux,2022,464870.0,,,50247.0,,,,41828.0,20785.0,21525.0,7489.0,2392.0,367.0,169.0,37669.0,16200.0,1125.0,20344.0,12613.0,7731.0,-14.0,7717.0,500.0,7217.0,,,,bceao_pdf_2022,73382.0,211281.0,56826.0,464870.0,0.0,0.0,0.0,21462.0,5397.0,15.0,0.0,0.0,453.0,4915.0,0.0,147993.0,626552.0,0.0,3490.0,1508.0,0.0,50247.0,23500.0,0.0,2501.0,0.0,0.0,17029.0,7217.0
SGBS,Groupes Internationaux,2015,380109.0,735567.0,581340.0,40724.0,801.0,42.0,184766.0,,,,,,,,,,,,,,,,,,,,,excel_2015_2020,,,,,,,,,,,,,,,,,,,,,,,,,,,,,
SGBS,Groupes Internationaux,2016,402026.0,772490.0,629701.0,50180.0,791.0,42.0,195790.0,,,,,,,,,,,,,,,,,,,,,excel_2015_2020,,,,,,,,,,,,,,,,,,,,,,,,,,,,,
SGBS,Groupes Internationaux,2017,575167.0,873873.0,674919.0,66261.0,829.0,40.0,226308.0,38532.0,11401.0,150.0,12563.0,383.0,,12278.0,13813.0,3851.0,61701.0,,37027.0,2245.0,22429.0,3148.0,19281.0,582.0,19863.0,1500.0,18363.0,excel_2015_2020,,,,,,,,,,,,,,,,,,,,,,,,,,,,,
SGBS,Groupes Internationaux,2018,604658.0,930330.0,771250.0,77976.0,858.0,39.0,214251.0,44160.0,12184.0,268.0,14412.0,597.0,,13421.0,18227.0,4205.0,73502.0,,40646.0,2457.0,30399.0,7728.0,22671.0,116.0,22787.0,5072.0,17715.0,excel_2015_2020,,,,,,,,,,,,,,,,,,,,,,,,,,,,,
SGBS,Groupes Internationaux,2019,673354.0,975391.0,801792.0,94662.0,914.0,40.0,251670.0,59782.0,13342.0,225.0,26529.0,4173.0,3604.0,0.0,6669.0,293.0,79001.0,0.0,43269.0,2374.0,33358.0,2052.0,31306.0,-67.0,31239.0,9242.0,21997.0,excel_2015_2020,,,,,,,,,,,,,,,,,,,,,,,,,,,,,
SGBS,Groupes Internationaux,2020,634939.0,967133.0,757582.0,,876.0,38.0,202010.0,,,,,,,,,,,,,,,,,,,,,excel_2015_2020,,,,,,,,,,,,,,,,,,,,,,,,,,,,,
SGBS,Groupes Internationaux,2021,664236.0,,,118677.0,,,,56026.0,13972.0,149.0,26005.0,3952.0,2985.0,0.0,5446.0,941.0,71746.0,0.0,43690.0,3882.0,24174.0,-436.0,24610.0,-145.0,24465.0,6395.0,18070.0,bceao_pdf_2021,129773.0,197447.0,23406.0,664236.0,0.0,2291.0,0.0,12559.0,35855.0,799.0,0.0,0.0,5500.0,32009.0,13.0,10847.0,914208.0,0.0,11631.0,15133.0,0.0,118677.0,10000.0,0.0,90502.0,0.0,0.0,105.0,18070.0
SGBS,Groupes Internationaux,2022,814220.0,,,104951.0,,,,59832.0,14788.0,259.0,27493.0,5665.0,4612.0,0.0,8376.0,1675.0,78444.0,0.0,47119.0,4044.0,27281.0,178.0,27103.0,-528.0,26575.0,11673.0,14902.0,bceao_pdf_2022,176894.0,218437.0,40087.0,814220.0,7653.0,5972.0,26074.0,735.0,14856.0,32685.0,,,,,13.0,90019.0,1057130.0,14849.0,29579.0,129958.0,10000.0,104951.0,105.0,14902.0,,,,,
UBA,Groupes Continentaux,2015,63015.0,146508.0,93989.0,22586.0,132.0,10.0,18336.0,,,,,,,,,,,,,,,,,,,,,excel_2015_2020,,,,,,,,,,,,,,,,,,,,,,,,,,,,,
UBA,Groupes Continentaux,2016,80575.0,208316.0,126938.0,26889.0,133.0,9.0,25254.0,,,,,,,,,,,,,,,,,,,,,excel_2015_2020,,,,,,,,,,,,,,,,,,,,,,,,,,,,,
UBA,Groupes Continentaux,2017,120187.0,243242.0,163369.0,34022.0,191.0,10.0,28046.0,10503.0,4239.0,,5250.0,18.0,2391.0,4101.0,7.0,703.0,17292.0,,7919.0,409.0,8964.0,340.0,8624.0,,8624.0,1475.0,7149.0,excel_2015_2020,,,,,,,,,,,,,,,,,,,,,,,,,,,,,
UBA,Groupes Continentaux,2018,130247.0,352079.0,191386.0,32945.0,163.0,10.0,44602.0,9713.0,4386.0,,6463.0,46.0,1157.0,4095.0,32.0,324.0,16704.0,,10177.0,394.0,6133.0,443.0,5690.0,,5690.0,1316.0,4374.0,excel_2015_2020,,,,,,,,,,,,,,,,,,,,,,,,,,,,,
UBA,Groupes Continentaux,2019,124559.0,221723.0,174720.0,30113.0,243.0,10.0,59906.0,15812.0,4958.0,0.0,4772.0,1597.0,1089.0,-60.0,565.0,290.0,15333.0,,13256.0,428.0,1649.0,326.0,1323.0,,1323.0,1155.0,168.0,excel_2015_2020,,,,,,,,,,,,,,,,,,,,,,,,,,,,,
UBA,Groupes Continentaux,2020,93978.0,266195.0,164610.0,,184.0,10.0,97234.0,,,,,,,,,,,,,,,,,,,,,excel_2015_2020,,,,,,,,,,,,,,,,,,,,,,,,,,,,,
UBA,Groupes Continentaux,2021,119030.0,,,42109.0,,,,17365.0,4805.0,4318.0,1178.0,1389.0,-216.0,115.0,398.0,16590.0,0.0,7754.0,341.0,8495.0,-1415.0,9910.0,0.0,9910.0,630.0,9280.0,,bceao_pdf_2021,50107.0,156832.0,30125.0,119030.0,0.0,0.0,0.0,1183.0,5486.0,1015.0,0.0,0.0,107.0,1161.0,0.0,64153.0,252497.0,0.0,4255.0,1249.0,0.0,42109.0,15000.0,0.0,14729.0,0.0,0.0,3100.0,9280.0
UBA,Groupes Continentaux,2022,115693.0,,,41917.0,,,,21003.0,5305.0,4822.0,1236.0,1852.0,-846.0,125.0,304.0,20111.0,0.0,9561.0,359.0,10191.0,4096.0,6095.0,0.0,6095.0,450.0,5645.0,,bceao_pdf_2022,40639.0,261964.0,26093.0,115693.0,0.0,0.0,0.0,1106.0,6304.0,1015.0,0.0,0.0,13.0,1193.0,0.0,145755.0,256812.0,0.0,943.0,414.0,0.0,41917.0,15000.0,0.0,16121.0,0.0,0.0,5151.0,5645.0
